{"chunk_definitions":[{"chunk_id":"c6cl6vw1fhbve","expansion_state":0,"options":[],"row":44,"row_count":1,"visible":true},{"chunk_id":"c6xfdts028u8n","expansion_state":0,"options":[],"row":55,"row_count":1,"visible":true},{"chunk_id":"cjx1qr5ou5b0s","expansion_state":0,"options":[],"row":79,"row_count":1,"visible":true},{"chunk_id":"cfqlq0qcvoyo4","expansion_state":0,"options":[],"row":106,"row_count":1,"visible":true},{"chunk_id":"ct10cbfls3vcw","expansion_state":0,"options":[],"row":121,"row_count":1,"visible":true},{"chunk_id":"ckxdr6id8w40x","expansion_state":0,"options":[],"row":136,"row_count":1,"visible":true},{"chunk_id":"cxe1wvsiqwmn8","expansion_state":0,"options":[],"row":153,"row_count":1,"visible":true},{"chunk_id":"cnznoe4h3i9hn","expansion_state":0,"options":[],"row":166,"row_count":1,"visible":true},{"chunk_id":"cjfka871eazti","expansion_state":0,"options":[],"row":181,"row_count":1,"visible":true},{"chunk_id":"c6zl10v5d1kqp","expansion_state":0,"options":[],"row":191,"row_count":1,"visible":true},{"chunk_id":"cwkfqr409kcpb","expansion_state":0,"options":[],"row":217,"row_count":1,"visible":true},{"chunk_id":"ccb04c8lyitmz","expansion_state":0,"options":[],"row":245,"row_count":1,"visible":true},{"chunk_id":"crp1ab7ih3mqn","expansion_state":0,"options":[],"row":255,"row_count":1,"visible":true},{"chunk_id":"cpjlk5fu4b2uk","expansion_state":0,"options":[],"row":269,"row_count":1,"visible":true},{"chunk_id":"c3vwxg4vp89rk","expansion_state":0,"options":[],"row":296,"row_count":1,"visible":true},{"chunk_id":"cafiiifcdyawv","expansion_state":0,"options":[],"row":309,"row_count":1,"visible":true},{"chunk_id":"c2l8r0w0od8pr","expansion_state":0,"options":[],"row":321,"row_count":1,"visible":true},{"chunk_id":"csv3xpudymzfs","expansion_state":0,"options":[],"row":331,"row_count":1,"visible":true},{"chunk_id":"c6liqbsb6ruee","expansion_state":0,"options":[],"row":374,"row_count":1,"visible":true},{"chunk_id":"c2611dbntffxn","expansion_state":0,"options":[],"row":394,"row_count":1,"visible":true},{"chunk_id":"c1ec2h5r5g0s9","expansion_state":0,"options":[],"row":436,"row_count":1,"visible":true},{"chunk_id":"cj5k0turyylil","expansion_state":0,"options":[],"row":455,"row_count":1,"visible":true},{"chunk_id":"cq66dosg0zzsv","expansion_state":0,"options":[],"row":497,"row_count":1,"visible":true},{"chunk_id":"cfzy42kxde2o4","expansion_state":0,"options":[],"row":510,"row_count":1,"visible":true},{"chunk_id":"ch3bmusjnk76q","expansion_state":0,"options":[],"row":517,"row_count":1,"visible":true},{"chunk_id":"c2kf4jjlnknvh","expansion_state":0,"options":[],"row":548,"row_count":1,"visible":true},{"chunk_id":"c1xcmig456zu9","expansion_state":0,"options":[],"row":555,"row_count":1,"visible":true},{"chunk_id":"c7t06zpzbh6v1","expansion_state":0,"options":[],"row":562,"row_count":1,"visible":true},{"chunk_id":"czudid8hs18g6","expansion_state":0,"options":[],"row":575,"row_count":1,"visible":true},{"chunk_id":"cea8gzudm4iwu","expansion_state":0,"options":[],"row":614,"row_count":1,"visible":true},{"chunk_id":"covkg0hlh0ndf","expansion_state":0,"options":[],"row":621,"row_count":1,"visible":true},{"chunk_id":"cf6sc15up5j3c","expansion_state":0,"options":[],"row":664,"row_count":1,"visible":true},{"chunk_id":"cqq084zk68aby","expansion_state":0,"options":[],"row":688,"row_count":1,"visible":true},{"chunk_id":"cy2rqv278kbyj","expansion_state":0,"options":[],"row":701,"row_count":1,"visible":true},{"chunk_id":"c4uli1e48anip","expansion_state":0,"options":[],"row":722,"row_count":1,"visible":true},{"chunk_id":"c8uighabi7jy4","expansion_state":0,"options":[],"row":740,"row_count":1,"visible":true},{"chunk_id":"cae4rkihkzqlp","expansion_state":0,"options":[],"row":758,"row_count":1,"visible":true}],"doc_write_time":1680780044.28267,"chunk_rendered_width":526}