"0","acc %>% "
"0","  group_by(ppt_id, condition, sentence_type) %>% "
"0","  summarise(propn_accepted = mean(sentence_accepted)) %>% "
"0","  ggplot(aes(x = sentence_type, y = propn_accepted, fill = sentence_type, colour = sentence_type)) +"
"0","  geom_violin(alpha = 0.5) +"
"0","  geom_jitter(alpha = 0.5, width = 0.1) +"
"0","  facet_wrap(~ condition) +"
"0","  ylim(-0.05, 1.05) +"
"0","  labs(y = 'Proportion sentences accepted',"
"0","       x = 'Sentence type') +"
"0","  theme(legend.position = 'none') +"
"0","  scale_x_discrete(labels = c('Case marking', 'Word order')) +"
"0","  NULL"
