"0","acc <- read_csv('data/acceptance.csv')"
"2","[1mRows: [22m[34m1476[39m [1mColumns: [22m[34m15[39m"
"2","[36m──[39m [1mColumn specification[22m [36m──────────────────────────────────────────────────────────────────────[39m
[1mDelimiter:[22m "",""
[31mchr[39m (12): ppt_id, condition, nom_sfx, acc_sfx, task, agent, patient, verb, orientation, se...
[32mdbl[39m  (3): trial_idx, sentence_accepted, rt"
"2","
[36mℹ[39m Use `spec()` to retrieve the full column specification for this data.
[36mℹ[39m Specify the column types or set `show_col_types = FALSE` to quiet this message."
"0","head(acc)"
