{"chunk_definitions":[{"row":121,"row_count":1,"visible":true,"expansion_state":0,"options":[],"document_id":null,"chunk_id":"cvddle3pqt8yo","chunk_label":"unnamed-chunk-1"},{"row":151,"row_count":1,"visible":true,"expansion_state":0,"options":[],"document_id":null,"chunk_id":"cij3uz75iacgz","chunk_label":"unnamed-chunk-2"},{"row":169,"row_count":1,"visible":true,"expansion_state":0,"options":[],"document_id":null,"chunk_id":"ctvk1d6l0m8nq","chunk_label":"unnamed-chunk-3"},{"row":291,"row_count":1,"visible":true,"expansion_state":0,"options":[],"document_id":null,"chunk_id":"cy83amv2genpb","chunk_label":"unnamed-chunk-6"},{"row":308,"row_count":1,"visible":true,"expansion_state":0,"options":[],"document_id":null,"chunk_id":"cshghlkdcm24s","chunk_label":"unnamed-chunk-7"},{"row":348,"row_count":1,"visible":true,"expansion_state":0,"options":[],"document_id":null,"chunk_id":"c0o2c3cs4dwau","chunk_label":"unnamed-chunk-9"},{"row":385,"row_count":1,"visible":true,"expansion_state":0,"options":[],"document_id":null,"chunk_id":"c5l9fk1zpbfo1","chunk_label":"unnamed-chunk-10"},{"row":429,"row_count":1,"visible":true,"expansion_state":0,"options":[],"document_id":null,"chunk_id":"czevh1zr8g6nm","chunk_label":"unnamed-chunk-12"},{"row":456,"row_count":1,"visible":true,"expansion_state":0,"options":[],"document_id":null,"chunk_id":"c89wrtnod6dgu","chunk_label":"unnamed-chunk-13"},{"row":499,"row_count":1,"visible":true,"expansion_state":0,"options":[],"document_id":null,"chunk_id":"cb9nh5n6qmxa6","chunk_label":"unnamed-chunk-14"},{"row":510,"row_count":1,"visible":true,"expansion_state":0,"options":[],"document_id":null,"chunk_id":"cwgc7u7qtmuhk","chunk_label":"unnamed-chunk-15"},{"row":515,"row_count":1,"visible":true,"expansion_state":0,"options":[],"document_id":null,"chunk_id":"c8wts3m2qxtov","chunk_label":"unnamed-chunk-16"},{"row":582,"row_count":1,"visible":true,"expansion_state":0,"options":[],"document_id":null,"chunk_id":"cweifqgurxdi2","chunk_label":"unnamed-chunk-18"},{"row":606,"row_count":1,"visible":true,"expansion_state":0,"options":[],"document_id":null,"chunk_id":"csmfwwilddaeb","chunk_label":"unnamed-chunk-19"},{"row":625,"row_count":1,"visible":true,"expansion_state":0,"options":[],"document_id":null,"chunk_id":"cllo2cu522qc6","chunk_label":"unnamed-chunk-20"},{"row":641,"row_count":1,"visible":true,"expansion_state":0,"options":[],"document_id":null,"chunk_id":"coda3pxffj0ce","chunk_label":"unnamed-chunk-21"},{"row":660,"row_count":1,"visible":true,"expansion_state":0,"options":[],"document_id":null,"chunk_id":"cpa62nqfe7gig","chunk_label":"unnamed-chunk-22"},{"row":681,"row_count":1,"visible":true,"expansion_state":0,"options":[],"document_id":null,"chunk_id":"ccg86jhdy07fg","chunk_label":""}],"doc_write_time":1683017587}