{"chunk_definitions":[{"row":19,"row_count":1,"visible":true,"expansion_state":0,"options":{"engine":"r","label":"setup","include":false},"document_id":"2F4A376F","chunk_id":"csetup_chunk","chunk_label":"setup"},{"row":29,"row_count":1,"visible":true,"expansion_state":0,"options":{"engine":"r","label":"read-data"},"document_id":"2F4A376F","chunk_id":"c6mhwzy7hpt9l","chunk_label":"read-data"},{"row":45,"row_count":1,"visible":true,"expansion_state":0,"options":{"engine":"r","label":"plot-data"},"document_id":"2F4A376F","chunk_id":"cj12y0b4ihkh2","chunk_label":"plot-data"},{"row":57,"row_count":1,"visible":true,"expansion_state":0,"options":{"engine":"r","label":"unnamed-chunk-1"},"document_id":"2F4A376F","chunk_id":"czy7ccs6lcicl","chunk_label":"unnamed-chunk-1"}],"doc_write_time":1683542182,"working_dir":"/Users/elizabeth/Desktop/bayes_workshop","default_chunk_options":{"echo":true}}