{"chunk_definitions":[{"row":19,"row_count":1,"visible":true,"expansion_state":0,"options":{"engine":"r","label":"setup","include":false},"document_id":"2F4A376F","chunk_id":"csetup_chunk","chunk_label":"setup"},{"row":29,"row_count":1,"visible":true,"expansion_state":0,"options":{"engine":"r","label":"read-data"},"document_id":"2F4A376F","chunk_id":"c6mhwzy7hpt9l","chunk_label":"read-data"},{"row":45,"row_count":1,"visible":true,"expansion_state":0,"options":{"engine":"r","label":"plot-data"},"document_id":"2F4A376F","chunk_id":"cj12y0b4ihkh2","chunk_label":"plot-data"},{"row":57,"row_count":1,"visible":true,"expansion_state":0,"options":{"engine":"r","label":"unnamed-chunk-2"},"document_id":"2F4A376F","chunk_id":"czy7ccs6lcicl","chunk_label":"unnamed-chunk-1"},{"row":72,"row_count":1,"visible":true,"expansion_state":0,"options":{"engine":"r","label":"unnamed-chunk-3"},"document_id":"2F4A376F","chunk_id":"cvad2mmexj6wr","chunk_label":"unnamed-chunk-2"},{"row":80,"row_count":1,"visible":true,"expansion_state":0,"options":{"engine":"r","label":"unnamed-chunk-1"},"document_id":"2F4A376F","chunk_id":"c8b6421o8uzkm","chunk_label":"unnamed-chunk-3"},{"row":97,"row_count":1,"visible":true,"expansion_state":0,"options":{"engine":"r","label":"unnamed-chunk-1"},"document_id":"2F4A376F","chunk_id":"czo6d07ji27l8","chunk_label":"unnamed-chunk-5"}],"doc_write_time":1683721300,"working_dir":"/Users/elizabeth/Desktop/bayes_workshop","default_chunk_options":{"echo":true},"chunk_rendered_width":698}