{"chunk_definitions":[{"row":19,"row_count":1,"visible":true,"expansion_state":0,"options":{"engine":"r","label":"setup","include":false},"document_id":"0FDBEA76","chunk_id":"csetup_chunk","chunk_label":"setup"},{"row":29,"row_count":1,"visible":true,"expansion_state":0,"options":{"engine":"r","label":"read-data"},"document_id":null,"chunk_id":"c1gf4n719mk50","chunk_label":"read-data"},{"row":45,"row_count":1,"visible":true,"expansion_state":0,"options":{"engine":"r","label":"plot-data"},"document_id":null,"chunk_id":"cq4dquz4pytyf","chunk_label":"plot-data"}],"doc_write_time":1683721794}