"0","```r
prpred_df <- read.csv('pilot2/data/priorpred_paramgrid.csv')

# To recreate the original pp_check(stat='mean') plots, plot histograms of all the mean outcome probs.
(p_paramgrid <- prpred_df %>% 
  mutate(
    beta_prior = factor(beta_prior, levels = c('normal(0, 1)','normal(0, 1.5)','normal(0, 2)')),
    tau_prior = factor(tau_prior, levels = c('normal+(0, 5)','normal+(0, 10)','normal+(0, 20)')),
  ) %>%
  ggplot(aes(x=mean_pred_prob)) +
  facet_grid(tau_prior ~ beta_prior, scales = 'free')+#, labeller = label_both) +
  geom_histogram(bins = 30) +
  labs(
    title = 'Prior predictive distributions: Beta priors (columns) x tau priors (rows)',
    x = 'Mean predicted probability of success (i.e., of accepting the sentence)'
  ) +
  NULL)
```"
