"0","# Init list to gather the posterior means.
prpred_means <- list()

for(b_sd in beta_sds){
  for(t_sd in tau_sds){
    
    # Fit a prior-only model for the current combination of SDs.
    prior_fit <- brm(sentence_accepted ~ sent + cond + sentcond + (sent | ppt_id),
          family = bernoulli(),
          prior = c(
            prior(normal(0, 1.5), class = Intercept),
            set_prior(paste0('normal(0,', b_sd, ')'), class = 'b'),
            set_prior(paste0('normal(0,', t_sd, ')'), class = 'sd', coef = 'Intercept', group = 'ppt_id'),
            set_prior(paste0('normal(0,', t_sd, ')'), class = 'sd', coef = 'sent', group = 'ppt_id'),
            prior(lkj(2), class = cor, group = ppt_id)
          ),
          data = judge_lm_dat,
          backend = 'cmdstanr',
          sample_prior = 'only',
          file = paste0('pilot2/data/cache/', b_sd, '-', t_sd)
    )
    
    # Sample from the posterior (prior) and, to recreate pp_check(stat='mean'), 
    # take the mean of samples in the resulting matrix.
    pred_outcomes <- posterior_predict(prior_fit)
    mean_pred <- sapply(1:nrow(pred_outcomes), function(i) mean(pred_outcomes[i,]))
    
    # Add these samples to prpred_means
    prpred_means[[paste0('normal(0, ', b_sd, ')/normal+(0, ', t_sd, ')')]] <- mean_pred
  }
}

prpred_df <- prpred_means %>% 
  bind_rows() %>% 
  pivot_longer(cols=everything(), names_to = 'priorcombo', values_to = 'mean_pred_prob') %>% 
  separate(priorcombo, sep='/', into = c('beta_prior', 'tau_prior'))

# Write to CSV.
write.csv(prpred_df, 'pilot2/data/priorpred_paramgrid.csv', row.names = FALSE)"
