"0","```r
(p_simeffect <- simeffect_df %>% 
  mutate(beta_prior = paste0('normal(0, ', beta_sd, ')'),
         beta_prior = factor(beta_prior, levels = c('normal(0, 1)','normal(0, 1.5)','normal(0, 2)'))) %>% 
  ggplot(aes(x=sim_effect)) +
  facet_wrap(~ beta_prior, nrow=1)+# labeller = label_both) +
  geom_histogram(bins = 50) +
  labs(title = 'Prior predictive distributions: Effect sizes for beta priors (columns)',
       x = 'Simulated difference between levels of +/- 0.5 sum-coded predictor') +
  NULL)
```"
